[{"id":"6288980277394@s.whatsapp.net","name":"No Name","age":"20","time":"18e1ff7cd3d7b90bab5b"},{"id":"628891757884@s.whatsapp.net","name":"FahriOFFC","age":"19","time":"032004485e74740cc114"},{"id":"6282326286241@s.whatsapp.net","name":"𝐙𝟒 JUU ☆ 𝗔𝗣","age":"XIAO,15","time":"b0d33cc698433cb25b28"},{"id":"6285813708397@s.whatsapp.net","name":"FallZx Infinity","age":"18","time":"9e77bff4fc29d64594db"},{"id":"6288808938659@s.whatsapp.net","name":"Akira Akao official","age":"com/LvA30WKiFgB0t5yFjFmWsz?mode=hqrc\n━━━━━━━━━━━━━━━━","time":"d27fcec5d23385ba0c5b"},{"id":"6287822188004@s.whatsapp.net","name":"𝗠𝗮𝗻𝘇𝗭//𝗧𝗖𝗦 ⚡","age":" 999+","time":"4ddafbded740396f3239"},{"id":"6281779963779@s.whatsapp.net","name":"skulls","age":"17","time":"b9da3b799fe7f2ad3c52"},{"id":"6285808912520@s.whatsapp.net","name":"---√fAa★__№","age":"13","time":"2efda23f6eb36f216c47"},{"id":"6283123405940@s.whatsapp.net","name":"janpiw ni bos,kasi paham bos bos bos","age":"10","time":"5a7aab5fd6c23838c7be"},{"id":"6285850213046@s.whatsapp.net","name":"Zanspiwygy","age":"12","time":"4853cfdf12b50351e9d1"},{"id":"6283852808614@s.whatsapp.net","name":"Fall?","age":"17","time":"cfebf177668e53e0bf35"}]